timestamp,wrist,activity,acceleration_x,acceleration_y,acceleration_z,gyro_x,gyro_y,gyro_z
2017-07-06 16:12:42.824907004,0,0,-0.4783,-0.0168,-0.8719,-0.1693,-0.0672,-0.0138
2017-07-06 16:12:43.224066019,0,0,0.1646,-0.7065,-0.0701,0.2381,0.5641,0.9888
2017-07-06 16:12:43.248460170,0,0,0.2118,-0.764,-0.0779,-0.6917,-2.0663,-2.1415
2017-07-06 16:12:43.425486028,0,0,0.3329,-1.1909,-0.3691,1.3946,-1.6043,2.5189
2017-07-06 16:12:43.625190019,0,0,0.0803,-0.6935,-0.1541,0.628,2.1544,0.0368
2017-07-06 16:12:43.825150012,0,0,0.2313,-1.1374,-0.3993,0.1153,0.1131,0.1304
2017-07-06 16:12:44.225166976,0,0,0.1839,-0.7767,-0.0103,-1.3971,-0.8571,-1.4261
2017-07-06 16:12:44.250930190,0,0,0.1783,-1.2784,-0.1186,-1.5885,-1.0899,-1.4595
2017-07-06 16:12:44.425251007,0,0,0.3342,-1.0635,-0.2507,1.3412,-0.1542,1.2055
2017-07-06 16:12:44.625078022,0,0,0.1862,-1.0749,-0.3246,1.2182,2.6212,1.6293
2017-07-06 16:12:44.825322985,0,0,0.2244,-0.8431,-0.2467,0.9287,-0.755,0.0273
2017-07-06 16:12:45.225098013,0,0,0.0703,-1.0513,-0.1049,-2.1188,0.4654,-1.8594
2017-07-06 16:12:45.251139990,0,0,0.2666,-1.1577,-0.4547,-0.7783,-0.5102,-0.302
2017-07-06 16:12:45.426119029,0,0,0.228,-0.7967,-0.0763,-0.4539,-0.0954,-0.2795
2017-07-06 16:12:45.625162005,0,0,0.0795,-1.2095,-0.2372,1.4459,-0.2967,1.6844
2017-07-06 16:12:45.825329005,0,0,0.4882,-0.701,-0.2311,0.441,1.5406,1.5164
2017-07-06 16:12:46.225154995,0,0,0.2011,-1.1851,-0.2006,-1.2187,-1.3679,-1.1186
2017-07-06 16:12:46.256609910,0,0,0.1488,-1.2166,-0.3027,0.3529,-0.0391,0.0604
2017-07-06 16:12:46.425119996,0,0,0.188,-0.8466,-0.0504,-1.5064,-0.6707,-1.6322
2017-07-06 16:12:46.625325024,0,0,0.2564,-1.1136,-0.1428,0.5825,0.7559,1.0003
2017-07-06 16:12:46.825083017,0,0,0.0313,-0.9383,-0.1677,1.1062,1.305,1.4412
2017-07-06 16:12:47.225237011,0,0,0.3246,-1.1653,-0.4171,-0.3674,-0.6747,-0.3325
2017-07-06 16:12:47.251420140,0,0,0.1398,-0.9253,-0.3227,0.7036,-0.1802,0.5511
2017-07-06 16:12:47.426348984,0,0,0.0988,-1.0304,-0.1103,-1.6124,-0.6882,-1.5918
2017-07-06 16:12:47.625154018,0,0,0.1643,-0.8822,-0.0951,-1.0293,-0.2445,-0.7401
2017-07-06 16:12:47.825071990,0,0,0.1071,-1.0985,-0.2878,1.4254,-0.0189,1.3627
2017-07-06 16:12:48.224748015,0,0,0.1401,-0.9461,-0.3439,0.5688,0.3625,0.5063
2017-07-06 16:12:48.250849720,0,0,0.0887,-0.8242,-0.248,1.0652,1.0199,1.0483
2017-07-06 16:12:48.425211012,0,0,0.218,-1.0397,-0.3581,-0.8724,-0.9719,-0.6883
2017-07-06 16:12:48.625093996,0,0,0.1467,-0.9729,-0.135,-1.6363,-0.7931,-2.1424
2017-07-06 16:12:48.825586020,0,0,0.1978,-0.9089,-0.1388,-0.4711,-0.1952,-0.1881
2017-07-06 16:12:49.225131988,0,0,0.2642,-0.7379,-0.2104,0.858,0.54,1.217
2017-07-06 16:12:49.253540270,0,0,0.0847,-1.0479,-0.2864,1.3491,-0.1963,1.8959
2017-07-06 16:12:49.424979984,0,0,0.1603,-1.2803,-0.446,0.166,0.1736,-0.1506
2017-07-06 16:12:49.624413013,0,0,0.2636,-1.0938,-0.2593,-1.0424,-1.5023,-1.048
2017-07-06 16:12:49.825087010,0,0,0.1817,-0.9303,-0.072,-1.6247,-0.4661,-1.9858
2017-07-06 16:12:50.225081026,0,0,0.0428,-1.1635,-0.1732,1.2278,-0.5738,1.6411
2017-07-06 16:12:50.252699850,0,0,0.194,-0.9546,-0.1544,0.442,-0.3676,0.1241
2017-07-06 16:12:50.424565017,0,0,0.2701,-0.7647,-0.1971,0.791,1.3799,1.2272
2017-07-06 16:12:50.625084996,0,0,0.1411,-1.3125,-0.4102,0.2208,0.37,-0.4389
2017-07-06 16:12:50.825205981,0,0,0.0549,-1.0334,-0.1159,-1.731,-0.8606,-1.179
2017-07-06 16:12:51.225078999,0,0,0.2267,-1.0412,-0.2206,1.5148,-0.2845,1.318
2017-07-06 16:12:51.250830050,0,0,0.2029,-0.9193,-0.0929,-1.3912,-0.3955,-1.2944
2017-07-06 16:12:51.425100028,0,0,0.1048,-0.7859,-0.2294,1.0904,1.6715,0.8859
2017-07-06 16:12:51.625346004,0,0,0.1573,-0.9139,-0.3671,0.6394,-0.2335,0.8147
2017-07-06 16:12:51.824331998,0,0,0.2063,-1.1607,-0.277,-0.8648,-0.403,-1.0767
2017-07-06 16:12:52.225081026,0,0,0.1494,-1.1364,-0.1168,-0.2729,-0.0142,-0.1975
2017-07-06 16:12:52.250769850,0,0,0.1452,-0.8328,-0.1286,-1.2361,-0.8584,-1.3978
2017-07-06 16:12:52.425071001,0,0,0.0437,-1.0468,-0.2376,1.0453,-0.366,0.962
2017-07-06 16:12:52.834181010,0,0,0.2212,-0.8061,-0.2068,0.9436,0.9255,1.1127
2017-07-06 16:12:53.232728004,0,0,0.2105,-0.8986,-0.074,-1.5394,-0.3278,-1.4542
2017-07-06 16:12:53.336099860,0,0,0.0788,-1.1298,-0.1651,-1.5355,-1.4223,-0.8005
2017-07-06 16:12:53.432888984,0,0,0.2448,-1.0132,-0.1949,1.1627,-0.1722,1.0656
2017-07-06 16:12:53.633630990,0,0,0.0852,-0.9068,-0.2031,1.0092,2.337,1.1537
2017-07-06 16:12:53.833642005,0,0,0.2688,-1.1232,-0.312,0.9585,-0.5696,0.5277
2017-07-06 16:12:54.233743011,0,0,0.1066,-0.8728,-0.1073,-1.9353,0.3969,-1.8232
2017-07-06 16:12:54.336279860,0,0,0.2517,-1.2014,-0.2607,-0.8926,-1.6137,-0.5416
2017-07-06 16:12:54.433745980,0,0,0.1866,-1.0262,-0.1008,-0.2039,0.4453,0.2424
2017-07-06 16:12:54.633665978,0,0,0.0495,-1.0803,-0.1753,1.5008,-1.1142,1.263
2017-07-06 16:12:54.833599984,0,0,0.2108,-0.8396,-0.202,0.8369,1.6553,0.7222
2017-07-06 16:12:55.233566999,0,0,0.0574,-0.9809,-0.1558,-1.8349,0.0651,-1.4267
2017-07-06 16:12:55.335710040,0,0,0.1075,-1.3782,-0.4143,0.4196,0.3019,0.2431
2017-07-06 16:12:55.433623015,0,0,0.159,-0.8149,-0.0916,-1.229,-0.2227,-1.2468
2017-07-06 16:12:55.633589029,0,0,0.1945,-1.0401,-0.2971,1.4688,0.0618,1.779
2017-07-06 16:12:55.833570003,0,0,0.1105,-0.8297,-0.198,0.9122,0.726,0.8472
2017-07-06 16:12:56.233590006,0,0,0.1571,-1.0674,-0.2744,-1.0573,-0.8572,-0.9269
2017-07-06 16:12:56.336869950,0,0,0.1526,-1.0329,-0.3818,0.1564,0.4292,0.1112
2017-07-06 16:12:56.433591008,0,0,0.1772,-0.761,-0.106,-0.8777,-0.6923,-1.2547
2017-07-06 16:12:56.633632004,0,0,0.1776,-1.0896,-0.1334,0.853,-0.121,0.9572
2017-07-06 16:12:56.834429979,0,0,0.0881,-1.0719,-0.1029,0.654,0.342,0.6483
2017-07-06 16:12:57.233770012,0,0,0.1194,-1.2819,-0.3017,0.1765,-0.0359,0.1303
2017-07-06 16:12:57.328369730,0,0,0.1928,-0.8262,-0.2455,0.6188,0.1683,0.3942
2017-07-06 16:12:57.433578014,0,0,0.1218,-1.2388,-0.0897,-1.6291,-0.3591,-0.7117
2017-07-06 16:12:57.633720993,0,0,0.1804,-0.9034,-0.0252,-1.2907,-0.4897,-1.5044
2017-07-06 16:12:57.833799004,0,0,0.1832,-1.0123,-0.2778,1.5978,0.0489,1.4554
2017-07-06 16:12:58.233577013,0,0,0.1935,-0.9082,-0.2968,0.5657,-0.1956,0.4097
2017-07-06 16:12:58.335659980,0,0,0.0493,-0.8987,-0.202,1.1327,0.9169,0.9864
2017-07-06 16:12:58.432892024,0,0,0.291,-1.1726,-0.4137,-0.8057,-2.0742,-0.7538
2017-07-06 16:12:58.633590996,0,0,0.1194,-1.0203,-0.0905,-2.0018,0.4272,-1.6555
2017-07-06 16:12:58.833989977,0,0,0.2129,-0.9513,-0.104,-0.4946,-0.0982,-0.4418
2017-07-06 16:12:59.232789993,0,0,0.2801,-0.8032,-0.2508,1.0841,0.9713,1.389
2017-07-06 16:12:59.336470000,0,0,0.0895,-1.0747,-0.3092,1.3673,-0.9047,1.5163
2017-07-06 16:12:59.433580994,0,0,0.1629,-1.2982,-0.353,0.2401,0.2444,-0.0799
2017-07-06 16:12:59.633617997,0,0,0.0563,-1.2879,-0.1552,-1.6917,0.3465,-1.4059
2017-07-06 16:12:59.833723008,0,0,0.1731,-0.8461,-0.0836,-1.2626,-0.9581,-1.7513
2017-07-06 16:13:00.232843995,0,0,0.0052,-0.9381,-0.1544,1.0655,1.2702,0.9556
2017-07-06 16:13:00.336819880,0,0,0.1929,-1.0922,-0.2088,1.1553,0.2032,1.6093
2017-07-06 16:13:00.433579027,0,0,0.143,-0.8608,-0.278,0.616,0.819,0.8975
2017-07-06 16:13:00.633567988,0,0,0.1448,-1.2602,-0.3588,-0.3881,-0.0039,-0.8244
2017-07-06 16:13:00.834173023,0,0,0.2404,-1.1969,-0.2472,-1.3107,-1.4178,-1.4714
2017-07-06 16:13:01.233626008,0,0,0.2083,-1.1004,-0.3403,1.658,-0.2027,2.2539
2017-07-06 16:13:01.337730050,0,0,0.1415,-0.7858,-0.1101,-1.1108,0.2683,-1.1895
2017-07-06 16:13:01.433565020,0,0,0.1786,-0.7892,-0.2118,0.823,1.5064,1.1021
2017-07-06 16:13:01.633472025,0,0,0.1799,-1.1893,-0.3347,0.3799,0.2277,0.1767
2017-07-06 16:13:01.833585023,0,0,0.2316,-1.099,-0.2986,-0.7972,-2.1216,-0.8702
2017-07-06 16:13:02.233595013,0,0,0.155,-0.9592,-0.1149,0.158,0.7469,0.4792
2017-07-06 16:13:02.335779780,0,0,0.1242,-0.9226,-0.086,-1.6426,-0.6372,-2.0818
2017-07-06 16:13:02.433839976,0,0,0.0979,-1.2072,-0.1872,1.094,-0.235,1.994
2017-07-06 16:13:02.834734976,0,0,0.2307,-0.7357,-0.1962,0.3488,0.9605,0.2609
2017-07-06 16:13:03.234061002,0,0,0.1771,-0.8706,-0.0808,-1.2978,-0.502,-1.3545
2017-07-06 16:13:03.341359970,0,0,0.2009,-1.1058,-0.1793,-1.048,-2.2822,-1.475
2017-07-06 16:13:03.434372007,0,0,0.2513,-0.9869,-0.2902,1.2332,0.5447,1.2307
2017-07-06 16:13:03.634316980,0,0,0.1322,-0.8062,-0.1891,1.2597,1.2122,1.2177
2017-07-06 16:13:03.834285974,0,0,0.2275,-1.1163,-0.3767,0.8211,-0.1959,0.6509
2017-07-06 16:13:04.234395980,0,0,0.1285,-0.8862,-0.0805,-1.6201,-0.5417,-1.5006
2017-07-06 16:13:04.342199800,0,0,0.2196,-1.1342,-0.2476,-0.9035,-0.1946,-1.0183
2017-07-06 16:13:04.434221982,0,0,0.189,-1.0897,-0.0967,-0.6906,0.5303,-0.2698
2017-07-06 16:13:04.634222984,0,0,0.0255,-1.1194,-0.1759,1.7231,-0.8786,1.4572
2017-07-06 16:13:04.834307014,0,0,0.1759,-0.8202,-0.1772,1.1437,1.6941,1.5317
2017-07-06 16:13:05.234230995,0,0,0.2536,-1.2789,-0.2283,-1.3355,-2.124,-0.7817
2017-07-06 16:13:05.346670150,0,0,0.1288,-1.2995,-0.3403,0.187,0.3097,-0.2991
2017-07-06 16:13:05.433908998,0,0,0.1524,-0.9768,-0.0259,-2.0145,-0.5041,-2.3342
2017-07-06 16:13:05.634084999,0,0,0.2344,-0.9359,-0.2001,0.5489,0.5394,0.9056
2017-07-06 16:13:05.834428012,0,0,0.0023,-0.9945,-0.1072,1.5092,1.1018,2.0823
2017-07-06 16:13:06.234791994,0,0,0.2761,-1.2459,-0.4517,-0.5483,-0.8063,-0.7418
2017-07-06 16:13:06.342289800,0,0,0.2456,-0.89,-0.2214,0.9968,0.2203,0.6552
2017-07-06 16:13:06.434276998,0,0,0.1003,-1.0477,-0.1041,-1.7561,-0.3817,-1.9134
2017-07-06 16:13:06.634307980,0,0,0.1653,-0.7872,-0.0816,-0.7183,-0.2633,-0.8626
2017-07-06 16:13:06.834217011,0,0,0.161,-1.0509,-0.3387,1.5265,-0.0663,2.1031
2017-07-06 16:13:07.234329998,0,0,0.1366,-1.1387,-0.3418,0.4451,0.0113,0.0253
2017-07-06 16:13:07.344340200,0,0,0.1456,-0.7786,-0.227,0.7207,0.766,0.9322
2017-07-06 16:13:07.434480011,0,0,0.1562,-1.1714,-0.2114,-1.041,-1.7482,-1.0143
2017-07-06 16:13:07.634272992,0,0,0.1472,-0.8936,-0.071,-1.6791,-0.0914,-2.1145
2017-07-06 16:13:07.834217011,0,0,0.2055,-0.8846,-0.1227,0.1513,0.5355,0.3964
2017-07-06 16:13:08.234228014,0,0,0.3411,-0.8181,-0.1818,0.6278,0.8547,0.7618
2017-07-06 16:13:08.342350000,0,0,0.0237,-1.2753,-0.0993,1.2114,0.0572,1.9947
2017-07-06 16:13:08.434405028,0,0,0.1823,-1.365,-0.3438,0.0398,-0.0274,-0.3962
2017-07-06 16:13:08.634218990,0,0,0.0976,-1.208,-0.1593,-1.757,-0.7893,-1.5736
2017-07-06 16:13:08.833995997,0,0,0.2039,-0.8481,-0.055,-0.99,-0.1692,-1.159
2017-07-06 16:13:09.234413981,0,0,-0.0263,-0.8937,-0.1106,0.7834,1.1505,0.5799
2017-07-06 16:13:09.344240060,0,0,0.1889,-1.0747,-0.2974,1.9845,-0.1706,2.5133
2017-07-06 16:13:09.434790015,0,0,0.1979,-1.1264,-0.3545,0.4653,0.5404,0.1734
2017-07-06 16:13:09.634530007,0,0,0.2421,-1.0972,-0.3596,-0.7911,-1.5665,-0.6751
2017-07-06 16:13:09.834215998,0,0,0.1114,-0.8826,-0.1028,-1.5846,0.1056,-1.7379
2017-07-06 16:13:10.234381973,0,0,0.0895,-1.201,-0.1583,1.0073,0.0263,1.6507
2017-07-06 16:13:10.342320200,0,0,0.1682,-0.9843,-0.1484,0.1114,0.6235,0.3909
2017-07-06 16:13:10.434634983,0,0,0.27,-0.8058,-0.2164,0.4561,0.6448,0.5236
2017-07-06 16:13:10.633902013,0,0,0.1751,-1.3944,-0.3879,0.2941,-0.1479,0.1297
2017-07-06 16:13:10.834213972,0,0,0.1237,-1.2893,-0.1554,-1.7068,-1.218,-1.3168
2017-07-06 16:13:11.234438002,0,0,0.277,-1.051,-0.2497,1.8872,-0.1095,2.1119
2017-07-06 16:13:11.342500200,0,0,0.174,-0.7831,-0.052,-1.1073,0.0374,-1.1148
2017-07-06 16:13:11.435059010,0,0,0.1756,-0.828,-0.2197,0.7004,1.7415,1.1837
2017-07-06 16:13:11.634172976,0,0,0.2135,-0.8275,-0.2495,0.6065,0.2839,0.4601
2017-07-06 16:13:11.834254980,0,0,0.1669,-1.1031,-0.323,-0.5119,-0.969,-1.0494
2017-07-06 16:13:12.234219014,0,0,0.1863,-0.9411,-0.1114,-0.6174,0.148,-0.3551
2017-07-06 16:13:12.342170000,0,0,0.0434,-0.9031,-0.0708,-1.8321,0.2893,-1.8733
2017-07-06 16:13:12.434360980,0,0,0.1338,-1.0474,-0.331,1.5773,-0.6542,2.059
2017-07-06 16:13:12.832864999,0,0,0.2281,-0.8118,-0.1751,0.6355,2.2064,0.8668
2017-07-06 16:13:13.234223008,0,0,0.2493,-0.8409,-0.0396,-1.5877,-0.8281,-1.6505
2017-07-06 16:13:13.328760140,0,0,0.1467,-1.2623,-0.1793,-1.5101,-1.6059,-1.1075
2017-07-06 16:13:13.433691024,0,0,0.3038,-0.9761,-0.2268,1.0302,0.4898,1.0919
2017-07-06 16:13:13.633140981,0,0,0.0473,-0.8828,-0.2186,1.3651,1.7317,1.3183
2017-07-06 16:13:13.833266019,0,0,0.152,-1.1091,-0.3446,0.9261,-0.6752,0.509
2017-07-06 16:13:14.233685970,0,0,0.1591,-0.9177,-0.0857,-1.6096,-1.0188,-2.0523
2017-07-06 16:13:14.329710240,0,0,0.3818,-1.134,-0.2787,-1.0146,0.2773,-1.0516
2017-07-06 16:13:14.433793008,0,0,0.2059,-0.9412,-0.1062,-0.062,0.2911,0.148
2017-07-06 16:13:14.633574008,0,0,0.0471,-1.1208,-0.2487,1.3504,0.0126,1.6781
2017-07-06 16:13:14.833689987,0,0,0.247,-0.8452,-0.1688,0.8938,0.6079,0.9555
2017-07-06 16:13:15.234022021,0,0,-0.0368,-1.2919,-0.1471,-1.9682,-1.519,-0.9403
2017-07-06 16:13:15.339000220,0,0,0.1849,-1.3262,-0.3444,0.3663,0.0411,-0.1731
2017-07-06 16:13:15.433817982,0,0,0.2733,-0.7817,-0.0629,-1.5088,0.0721,-1.0853
2017-07-06 16:13:15.633579015,0,0,0.2945,-1.1197,-0.1911,1.4929,-0.0001,1.3744
2017-07-06 16:13:15.833575010,0,0,-0.0015,-0.7843,-0.1722,0.9179,2.0453,0.7398
2017-07-06 16:13:16.233555972,0,0,0.2443,-1.2736,-0.2457,-1.0507,-1.1749,-0.6838
2017-07-06 16:13:16.337290160,0,0,0.2525,-1.0923,-0.3318,1.0329,-0.8698,0.9156
2017-07-06 16:13:16.433690011,0,0,0.0843,-0.8574,-0.095,-1.851,0.987,-1.7501
2017-07-06 16:13:16.632974982,0,0,0.1872,-1.0903,-0.1338,0.1848,0.4467,0.4411
2017-07-06 16:13:16.833018004,0,0,0.0235,-1.0794,-0.1992,1.0665,0.1113,1.3642
2017-07-06 16:13:17.233694016,0,0,0.0568,-1.3327,-0.3112,0.4856,0.7711,0.2163
2017-07-06 16:13:17.336520070,0,0,0.2544,-0.7383,-0.1964,0.6708,0.7942,0.8269
2017-07-06 16:13:17.432955980,0,0,0.0364,-1.2563,-0.1606,-1.6658,-1.1135,-1.2979
2017-07-06 16:13:17.633810997,0,0,0.211,-0.7803,-0.0727,-1.2205,-0.511,-1.316
2017-07-06 16:13:17.833654999,0,0,0.2712,-1.091,-0.2506,1.4234,-0.2257,1.8441
2017-07-06 16:13:18.233474016,0,0,0.1819,-1.0901,-0.3277,0.5269,0.2356,0.4488
2017-07-06 16:13:18.338310000,0,0,0.1185,-0.7732,-0.182,0.7825,1.3671,0.8622
2017-07-06 16:13:18.433574020,0,0,0.2768,-1.2213,-0.2376,-0.8721,-1.9186,-0.5504
2017-07-06 16:13:18.633610010,0,0,0.1783,-0.8471,-0.081,-1.5849,-0.4651,-2.0502
2017-07-06 16:13:18.833698987,0,0,0.2385,-0.9742,-0.1039,0.1738,0.3348,0.541
2017-07-06 16:13:19.233770012,0,0,0.2206,-0.8054,-0.2038,0.9935,0.2527,0.5707
2017-07-06 16:13:19.329499840,0,0,0.0716,-1.0926,-0.0997,1.2688,-0.1738,1.5558
2017-07-06 16:13:19.433624029,0,0,0.1275,-1.3753,-0.3316,-0.0382,0.3659,-0.1654
2017-07-06 16:13:19.633717000,0,0,0.1156,-1.2763,-0.1371,-1.8184,-0.4129,-0.8722
2017-07-06 16:13:19.833571970,0,0,0.2021,-0.8093,-0.0396,-1.1218,-0.6654,-1.3879
2017-07-06 16:13:20.233599007,0,0,0.0514,-1.0073,-0.161,0.9967,1.6644,1.2864
2017-07-06 16:13:20.338619940,0,0,0.2653,-1.0868,-0.2316,1.6289,0.1823,2.1778
2017-07-06 16:13:20.433564007,0,0,0.2022,-0.8187,-0.2953,0.5866,0.3517,0.0717
2017-07-06 16:13:20.633569002,0,0,0.2477,-1.2361,-0.4891,-0.8446,-1.3668,-0.7774
2017-07-06 16:13:20.833829998,0,0,0.0444,-0.9726,-0.093,-1.9947,0.4144,-1.4289
2017-07-06 16:13:21.233617007,0,0,0.1032,-1.0341,-0.3543,1.6322,-0.645,1.941
2017-07-06 16:13:21.337010020,0,0,0.2064,-0.9008,-0.0716,-0.6118,0.3054,-0.426
2017-07-06 16:13:21.433483004,0,0,0.3131,-0.869,-0.2354,0.8986,1.0453,1.2789
2017-07-06 16:13:21.633644998,0,0,0.1926,-1.3395,-0.3615,0.193,0.4097,-0.3624
2017-07-06 16:13:21.833577990,0,0,0.1502,-1.2469,-0.2043,-1.5207,-1.6332,-1.1538
2017-07-06 16:13:22.233662009,0,0,0.1844,-0.9967,-0.1726,1.2093,0.2071,1.4481
2017-07-06 16:13:22.336359730,0,0,0.2175,-0.7657,-0.0587,-1.2187,-0.3898,-1.1585
2017-07-06 16:13:22.433430016,0,0,0.0185,-0.8855,-0.1564,0.9585,1.6917,0.903
2017-07-06 16:13:22.829007983,0,0,0.1832,-0.8158,-0.3788,0.825,0.3368,0.4858
2017-07-06 16:13:23.230015993,0,0,0.166,-0.9949,-0.1347,-0.2357,-0.6521,-0.3623
2017-07-06 16:13:23.287719960,0,0,0.1166,-0.8113,-0.0693,-2.1462,1.4776,-2.0558
2017-07-06 16:13:23.429511010,0,0,0.043,-1.1109,-0.2704,1.7942,-0.2441,1.4311
2017-07-06 16:13:23.629276990,0,0,0.1688,-0.8455,-0.1841,0.5644,2.2483,0.7945
2017-07-06 16:13:23.829212009,0,0,0.2481,-1.1532,-0.3146,0.5508,0.267,0.5238
2017-07-06 16:13:24.229062020,0,0,0.1918,-0.9252,-0.0552,-1.6077,-0.6018,-1.8266
2017-07-06 16:13:24.289379950,0,0,0.159,-1.1547,-0.1861,-1.1257,-1.9967,-0.6329
2017-07-06 16:13:24.429252982,0,0,0.1603,-1.083,-0.1318,0.3813,1.239,0.4528
2017-07-06 16:13:24.630523025,0,0,0.0733,-0.9882,-0.1545,1.071,0.764,1.3479
2017-07-06 16:13:24.829729020,0,0,0.2485,-0.8915,-0.2419,1.0465,0.6985,1.76
2017-07-06 16:13:25.229210972,0,0,0.1429,-0.8493,-0.1543,-1.9567,-0.555,-1.3904
2017-07-06 16:13:25.297530290,0,0,0.2748,-1.105,-0.4281,-0.3754,-1.2693,-0.5689
2017-07-06 16:13:25.429253995,0,0,0.1637,-1.0797,-0.0424,-0.9796,0.3264,-0.4501
2017-07-06 16:13:25.628243982,0,0,0.1054,-0.908,-0.2754,1.2096,-1.6878,0.497
2017-07-06 16:13:25.829316973,0,0,0.2006,-0.7437,-0.2066,1.2759,0.9891,1.0304
2017-07-06 16:13:26.230000019,0,0,0.2392,-1.24,-0.2041,-1.6833,-1.4414,-0.9422
2017-07-06 16:13:26.301700230,0,0,0.0439,-1.4329,-0.2955,0.58,0.0471,0.417
2017-07-06 16:13:26.430276989,0,0,0.2238,-0.9121,-0.0509,-1.4788,-0.8562,-1.7138
2017-07-06 16:13:26.628894984,0,0,0.1997,-1.0198,-0.144,0.6894,0.0361,0.7999
2017-07-06 16:13:26.828013002,0,0,0.0768,-0.9545,-0.1926,1.2012,0.8602,1.6458
2017-07-06 16:13:27.229081988,0,0,0.1917,-1.1584,-0.4488,-0.1843,0.1288,-0.1534
2017-07-06 16:13:27.288789860,0,0,0.2427,-0.8396,-0.2778,1.0908,0.391,0.7886
2017-07-06 16:13:27.430368006,0,0,0.0802,-0.9891,-0.1327,-1.9029,-0.0482,-1.4538
2017-07-06 16:13:27.628929018,0,0,0.1635,-0.8815,-0.0762,-1.1379,0.0965,-1.2031
2017-07-06 16:13:27.828450024,0,0,0.2168,-0.9973,-0.2802,1.5339,0.0732,1.7795
2017-07-06 16:13:28.229644000,0,0,0.2531,-1.1959,-0.3859,0.6251,-0.2285,0.3797
2017-07-06 16:13:28.292459720,0,0,0.0715,-0.847,-0.1844,1.118,1.0021,1.0763
2017-07-06 16:13:28.429482996,0,0,0.1933,-1.3383,-0.2044,-1.4741,-1.7372,-1.0204
2017-07-06 16:13:28.630728006,0,0,0.1275,-0.8812,-0.0424,-1.8391,0.4249,-2.0643
2017-07-06 16:13:28.829138994,0,0,0.2078,-0.9416,-0.1314,0.3974,0.3487,0.7459
2017-07-06 16:13:29.229242026,0,0,0.2537,-0.8281,-0.222,0.7387,0.7234,0.4971
2017-07-06 16:13:29.296829930,0,0,0.0448,-1.2496,-0.1717,1.5831,-0.1682,2.1875
2017-07-06 16:13:29.430095016,0,0,0.1898,-1.4364,-0.3774,0.0302,0.3754,-0.0897
2017-07-06 16:13:29.629800975,0,0,0.0704,-1.1645,-0.1316,-1.6798,-0.6947,-1.4395
2017-07-06 16:13:29.829258024,0,0,0.1517,-0.888,-0.0812,-1.2965,-0.2247,-1.4492
2017-07-06 16:13:30.229255974,0,0,0.1584,-0.8465,-0.1837,1.0028,1.7947,1.3456
2017-07-06 16:13:30.292029970,0,0,0.1788,-0.9185,-0.336,1.4512,0.0573,1.8339
2017-07-06 16:13:30.429243981,0,0,0.1801,-1.1369,-0.3394,0.4513,0.5764,0.3905
2017-07-06 16:13:30.630171000,0,0,0.256,-1.1899,-0.2669,-0.9932,-2.1199,-0.8205
2017-07-06 16:13:30.830909013,0,0,0.1841,-0.9077,-0.095,-1.7119,-0.6104,-2.0521
2017-07-06 16:13:31.229285001,0,0,0.0206,-1.1064,-0.211,1.2795,0.4503,2.0971
2017-07-06 16:13:31.290359850,0,0,0.1711,-1.0015,-0.1159,-0.0837,0.2625,0.11
2017-07-06 16:13:31.429259002,0,0,0.2333,-0.8652,-0.2228,0.8218,0.1305,0.4253
2017-07-06 16:13:31.629244029,0,0,0.117,-1.3318,-0.353,0.4317,0.5808,0.1844
2017-07-06 16:13:31.829237997,0,0,0.0664,-1.2572,-0.1528,-1.7665,-0.8464,-1.2091
2017-07-06 16:13:32.229246973,0,0,0.2096,-1.0877,-0.2943,1.3573,-0.1243,1.7053
2017-07-06 16:13:32.292789930,0,0,0.2275,-0.8277,-0.075,-1.3043,-0.5613,-1.4198
2017-07-06 16:13:32.429235994,0,0,0.0612,-1.0016,-0.1824,1.0843,1.1291,1.2084
2017-07-06 16:13:32.835080981,0,0,0.1549,-0.9115,-0.2734,0.6517,0.2209,0.2112
2017-07-06 16:13:33.235092997,0,0,0.1801,-0.8238,-0.0944,-0.3054,0.5642,-0.1334
2017-07-06 16:13:33.351259700,0,0,0.088,-0.9699,-0.0947,-1.9897,0.601,-1.9821
2017-07-06 16:13:33.435232996,0,0,0.1648,-1.0521,-0.3907,1.8245,-0.6178,2.7563
2017-07-06 16:13:33.635048985,0,0,0.184,-0.8226,-0.1641,0.7118,1.3582,0.4145
2017-07-06 16:13:33.835088014,0,0,0.2238,-1.2261,-0.3815,0.3023,-0.0035,0.4146
2017-07-06 16:13:34.235324978,0,0,0.2013,-0.8773,-0.0621,-1.3467,-0.7192,-1.3744
2017-07-06 16:13:34.351259700,0,0,0.0839,-1.2916,-0.1271,-1.7652,-1.4968,-1.6804
2017-07-06 16:13:34.435133993,0,0,0.223,-1.073,-0.1991,1.244,0.4726,1.7001
2017-07-06 16:13:34.635091006,0,0,-0.0319,-1.0404,-0.1339,1.0326,1.6864,1.4059
2017-07-06 16:13:34.835097014,0,0,0.2062,-0.8155,-0.2843,0.8149,0.663,0.3931
2017-07-06 16:13:35.234866976,0,0,0.0348,-1.0315,-0.1056,-1.8725,-0.1565,-1.8418
2017-07-06 16:13:35.355709790,0,0,0.2112,-1.0576,-0.4341,-0.4654,-0.6042,-0.6438
2017-07-06 16:13:35.435238003,0,0,0.2021,-0.7584,-0.1036,-0.5023,0.4338,-0.3719
2017-07-06 16:13:35.635318994,0,0,0.1777,-1.0704,-0.3284,1.5576,-0.507,2.1056
2017-07-06 16:13:35.835160017,0,0,0.0948,-0.8138,-0.1675,0.883,0.3843,0.4117
2017-07-06 16:13:36.235215008,0,0,0.2032,-1.3647,-0.1382,-1.6078,-2.2861,-1.1062
2017-07-06 16:13:36.352190130,0,0,0.2166,-1.0995,-0.3627,0.4099,-0.2976,0.6198
2017-07-06 16:13:36.435263991,0,0,0.261,-0.8517,-0.075,-1.8413,0.3711,-2.0494
2017-07-06 16:13:36.635124027,0,0,0.2046,-0.9692,-0.2145,0.6567,0.1231,0.829
2017-07-06 16:13:36.835214018,0,0,0.0548,-1.2538,-0.1856,1.5192,0.0084,1.6548
2017-07-06 16:13:37.235215008,0,0,0.2641,-1.3789,-0.4614,-0.5621,-0.4515,-0.3205
2017-07-06 16:13:37.352219930,0,0,0.238,-0.8929,-0.3057,0.6858,1.1358,0.6439
2017-07-06 16:13:37.435638010,0,0,0.0594,-1.0365,-0.1324,-1.8685,-0.3164,-2.0934
2017-07-06 16:13:37.635573029,0,0,0.1457,-0.7996,-0.1064,-0.7912,-0.0589,-0.8285
2017-07-06 16:13:37.835088014,0,0,0.0188,-1.1992,-0.2914,1.6833,0.9114,2.3439
2017-07-06 16:13:38.235095024,0,0,0.1853,-1.2209,-0.4128,0.3213,0.548,-0.0022
2017-07-06 16:13:38.350859760,0,0,0.2091,-0.796,-0.2471,1.3937,0.5159,1.3447
2017-07-06 16:13:38.435320019,0,0,0.2032,-1.3442,-0.2482,-1.5926,-1.6291,-0.8918
2017-07-06 16:13:38.635096013,0,0,0.186,-0.9122,-0.0538,-2.0029,-0.4385,-1.9436
2017-07-06 16:13:38.835331976,0,0,0.2222,-0.8653,-0.1381,0.3987,0.3277,0.5744
2017-07-06 16:13:39.234908998,0,0,0.2341,-0.9392,-0.3031,0.8666,1.5543,0.6249
2017-07-06 16:13:39.353599780,0,0,0.084,-1.2774,-0.2923,1.9525,-0.3465,2.1398
2017-07-06 16:13:39.435086011,0,0,0.2192,-1.3161,-0.397,-0.9112,-0.5979,-0.7611
2017-07-06 16:13:39.634572982,0,0,0.095,-1.0052,-0.1254,-1.9918,-0.5903,-1.7995
2017-07-06 16:13:39.834481000,0,0,0.1673,-0.8417,-0.0692,-1.0008,0.0791,-0.7237
2017-07-06 16:13:40.235186994,0,0,0.1194,-0.8742,-0.2265,1.597,0.7207,0.9282
2017-07-06 16:13:40.352280130,0,0,0.173,-0.9441,-0.2666,1.8131,0.1842,1.6796
2017-07-06 16:13:40.435684025,0,0,0.1527,-1.2478,-0.4065,-0.0234,0.1909,0.003
2017-07-06 16:13:40.635080993,0,0,0.1429,-1.3254,-0.1714,-2.0533,-0.8343,-1.027
2017-07-06 16:13:40.835083007,0,0,0.1994,-0.8264,-0.0665,-1.7622,-0.5969,-1.7155
2017-07-06 16:13:41.234618008,0,0,0.1033,-1.3732,-0.2503,1.7105,-0.0594,1.4547
2017-07-06 16:13:41.352280130,0,0,0.298,-0.9528,-0.2597,1.109,0.3205,1.6055
2017-07-06 16:13:41.435159981,0,0,0.2961,-0.8857,-0.3462,0.7381,0.7789,0.5412
2017-07-06 16:13:41.635609984,0,0,0.213,-1.2344,-0.3816,-1.016,-0.6726,-0.8425
2017-07-06 16:13:41.835156023,0,0,0.0323,-1.1178,-0.0816,-2.2764,-0.1879,-2.1152
2017-07-06 16:13:42.235085010,0,0,0.1493,-1.0646,-0.3924,2.4138,0.2049,3.0621
2017-07-06 16:13:42.346230260,0,0,0.1735,-0.6777,-0.0988,-1.0288,0.1915,-1.0449
2017-07-06 16:13:42.435082972,0,0,0.0666,-0.8745,-0.169,1.0615,1.1508,0.574
2017-07-06 16:13:42.832737028,0,0,0.307,-1.1717,-0.4721,0.2908,-0.4513,0.1807
2017-07-06 16:13:43.233367979,0,0,0.2542,-0.9131,-0.168,0.8295,0.7618,1.399
2017-07-06 16:13:43.333769910,0,0,0.1545,-0.8162,-0.0353,-1.894,-0.128,-1.7888
2017-07-06 16:13:43.433441996,0,0,0.1163,-1.1806,-0.2068,1.7853,-0.1809,2.1353
2017-07-06 16:13:43.633305013,0,0,0.2397,-0.8993,-0.3384,0.7702,1.3845,0.2957
2017-07-06 16:13:43.833540976,0,0,0.2624,-1.3215,-0.473,-0.728,-0.7715,-0.3967
2017-07-06 16:13:44.233309984,0,0,0.1911,-0.6885,-0.0487,-0.7835,0.2424,-0.9804
2017-07-06 16:13:44.333439700,0,0,0.03,-1.0922,-0.0986,-2.2681,-0.0802,-1.8249
2017-07-06 16:13:44.433551013,0,0,0.2105,-0.9387,-0.3902,2.3896,-0.2702,3.0923
2017-07-06 16:13:44.633534014,0,0,0.0627,-0.9005,-0.1831,0.7666,1.1154,0.1872
2017-07-06 16:13:44.833244025,0,0,0.24,-1.1239,-0.3977,0.2271,-0.5793,0.4515
2017-07-06 16:13:45.233241975,0,0,0.2062,-0.8689,-0.0841,-2.054,-0.3108,-2.3291
2017-07-06 16:13:45.333570240,0,0,0.2523,-1.513,-0.2058,-1.7374,-2.0457,-1.2735
2017-07-06 16:13:45.433422982,0,0,0.2553,-0.6415,-0.2652,1.052,0.367,1.7984
2017-07-06 16:13:45.633351027,0,0,0.0016,-1.2959,-0.1511,1.666,-0.498,2.0775
2017-07-06 16:13:45.833458006,0,0,0.3546,-0.8221,-0.333,0.8699,0.9084,0.5651
2017-07-06 16:13:46.233382999,0,0,0.0874,-1.2301,-0.1159,-2.1157,-0.3435,-2.0787
2017-07-06 16:13:46.328599810,0,0,0.1844,-1.4231,-0.4037,-1.0314,-0.575,-1.0246
2017-07-06 16:13:46.433250010,0,0,0.1512,-0.6578,-0.0616,-0.9579,0.14,-1.1058
2017-07-06 16:13:46.633503973,0,0,0.1774,-0.9591,-0.3644,2.4505,0.6035,3.2612
2017-07-06 16:13:46.832850992,0,0,0.0616,-0.947,-0.1586,1.2277,1.0225,0.4929
2017-07-06 16:13:47.233233988,0,0,0.146,-1.4194,-0.2201,-1.8509,-0.9997,-1.3259
2017-07-06 16:13:47.332329860,0,0,0.285,-1.1226,-0.4465,0.0831,0.0184,0.2486
2017-07-06 16:13:47.433264017,0,0,0.1948,-0.8746,-0.0598,-1.6092,-0.3849,-1.8054
2017-07-06 16:13:47.633352994,0,0,0.2261,-0.8088,-0.1815,0.8358,0.2345,1.1591
2017-07-06 16:13:47.833442986,0,0,0.0756,-1.3548,-0.2856,1.4507,0.0039,1.5965
2017-07-06 16:13:48.233292996,0,0,0.1177,-1.4439,-0.3673,-1.0732,0.6452,-1.098
2017-07-06 16:13:48.332440130,0,0,0.3481,-0.7554,-0.4101,0.6004,0.5783,0.527
2017-07-06 16:13:48.433349013,0,0,0.1232,-1.0708,-0.2051,-1.3764,-0.5103,-1.7223
2017-07-06 16:13:48.633378982,0,0,0.1853,-0.735,-0.1691,-0.212,0.2326,-0.1657
2017-07-06 16:13:48.833335995,0,0,0.1744,-1.1956,-0.3987,1.6962,0.6276,2.5262
2017-07-06 16:13:49.233060002,0,0,0.2021,-1.1864,-0.3939,-0.1215,-0.3918,-0.2132
2017-07-06 16:13:49.333849780,0,0,0.141,-0.7332,-0.2557,0.3468,1.7098,0.3793
2017-07-06 16:13:49.433139979,0,0,0.1705,-1.2994,-0.2305,-1.0863,-0.9056,-1.1378
2017-07-06 16:13:49.633341014,0,0,0.1613,-0.6818,-0.1067,-0.7359,-0.6195,-0.8277
2017-07-06 16:13:49.833368003,0,0,0.194,-1.0458,-0.2237,0.9027,0.403,1.654
2017-07-06 16:13:50.233232021,0,0,0.1842,-0.7424,-0.3708,0.2938,0.1239,0.28
2017-07-06 16:13:50.333380100,0,0,0.0179,-1.0583,-0.252,0.5481,0.4845,0.1681
2017-07-06 16:13:50.433079004,0,0,0.2714,-1.2704,-0.4503,-0.1052,-0.6629,0.1775
2017-07-06 16:13:50.633319020,0,0,0.035,-0.8049,-0.1055,-1.6523,-0.4473,-1.9221
2017-07-06 16:13:50.833241999,0,0,0.1507,-0.9601,-0.1635,-0.6922,0.4879,-0.3605
2017-07-06 16:13:51.233501970,0,0,0.2113,-0.8168,-0.2038,0.6385,1.2255,1.1826
2017-07-06 16:13:51.332959890,0,0,0.0161,-1.1172,-0.3254,1.3387,1.0481,2.2301
2017-07-06 16:13:51.432968974,0,0,0.2596,-1.1383,-0.4226,0.1963,-0.1589,0.0472
2017-07-06 16:13:51.633310019,0,0,0.0833,-1.3592,-0.2262,-1.4667,-0.8741,-1.6645
2017-07-06 16:13:51.833253026,0,0,0.1469,-0.7824,-0.1051,-1.3916,-0.4663,-1.8807
2017-07-06 16:13:52.233346998,0,0,0.1977,-1.1053,-0.3121,0.8642,0.3415,1.0398
2017-07-06 16:13:52.332390060,0,0,0.2294,-0.8785,-0.3522,1.0518,-0.0659,1.8828
2017-07-06 16:13:52.433304011,0,0,0.2169,-0.7746,-0.3284,0.3677,-0.0729,0.2732
2017-07-06 16:13:52.834383010,0,0,0.2667,-1.3366,-0.365,-0.1541,0.5493,-0.1142
2017-07-06 16:13:53.234058022,0,0,0.0544,-1.1248,-0.3257,1.3191,0.4321,2.0915
2017-07-06 16:13:53.332940220,0,0,0.1707,-0.8355,-0.2031,-0.2576,0.1522,-0.0758
2017-07-06 16:13:53.433622002,0,0,0.1543,-0.7311,-0.235,0.5287,0.1983,0.2191
2017-07-06 16:13:53.634096026,0,0,0.169,-1.058,-0.3508,-0.202,-0.538,-0.3619
2017-07-06 16:13:53.834182977,0,0,0.263,-1.2493,-0.1848,-0.924,-1.4712,-0.7651
2017-07-06 16:13:54.234097003,0,0,0.1758,-0.9073,-0.1254,0.3191,0.8258,0.5854
2017-07-06 16:13:54.340489740,0,0,0.1361,-0.7667,-0.0679,-1.205,-0.4379,-1.6677
2017-07-06 16:13:54.434213995,0,0,0.1349,-1.253,-0.3148,1.3655,-1.0235,1.3564
2017-07-06 16:13:54.634042978,0,0,0.213,-0.7676,-0.2713,0.4497,1.6926,0.4565
2017-07-06 16:13:54.834100008,0,0,0.2242,-1.2898,-0.4134,-0.2372,-0.6731,0.0696
2017-07-06 16:13:55.234193027,0,0,0.166,-0.7272,-0.0401,-1.3416,0.673,-1.1073
2017-07-06 16:13:55.342550270,0,0,0.1018,-1.2862,-0.1351,-2.0812,-0.708,-1.7446
2017-07-06 16:13:55.434064984,0,0,0.2845,-0.9895,-0.3402,1.9,0.2671,2.9357
2017-07-06 16:13:55.634083986,0,0,0.012,-0.9442,-0.2167,0.9553,0.76,0.637
2017-07-06 16:13:55.834155023,0,0,0.4073,-1.0157,-0.5128,0.3186,-1.2302,0.454
2017-07-06 16:13:56.234362006,0,0,0.1606,-0.8265,-0.023,-1.5693,-0.9087,-1.9336
2017-07-06 16:13:56.342010250,0,0,0.2816,-1.3274,-0.2407,-1.3702,-1.4983,-1.6885
2017-07-06 16:13:56.434260010,0,0,0.2844,-0.8801,-0.2315,0.6895,0.971,1.1693
2017-07-06 16:13:56.634038984,0,0,0.0276,-1.435,-0.2988,1.3727,1.3725,2.3452
2017-07-06 16:13:56.834280014,0,0,0.2662,-0.7976,-0.3349,0.6916,0.7566,0.6949
2017-07-06 16:13:57.234036982,0,0,0.0291,-1.1184,-0.15,-1.835,-1.499,-1.9087
2017-07-06 16:13:57.340660210,0,0,0.1902,-1.1614,-0.3842,-0.7293,0.1758,-0.9262
2017-07-06 16:13:57.434033989,0,0,0.1501,-0.7319,-0.0935,-1.2113,0.9235,-0.9618
2017-07-06 16:13:57.634517014,0,0,0.2849,-1.0144,-0.3914,2.1307,0.3204,3.1575
2017-07-06 16:13:57.833396971,0,0,0.1556,-0.8393,-0.2138,1.2169,0.754,1.0715
2017-07-06 16:13:58.234035015,0,0,0.3733,-1.4355,-0.3146,-1.0396,-1.8822,-0.9219
2017-07-06 16:13:58.340430140,0,0,0.1793,-1.2319,-0.4127,-0.0155,0.2681,-0.1482
2017-07-06 16:13:58.434041023,0,0,0.1012,-0.8337,-0.0452,-1.9751,-0.4418,-2.2189
2017-07-06 16:13:58.634039998,0,0,0.2327,-0.7486,-0.2071,0.4828,0.8969,1.2321
2017-07-06 16:13:58.834037005,0,0,0.2196,-1.4577,-0.2418,1.8345,-0.8165,2.562
2017-07-06 16:13:59.234039008,0,0,0.2191,-1.3804,-0.3637,-0.4037,-0.94,-0.7126
2017-07-06 16:13:59.341690180,0,0,0.3612,-0.7778,-0.2438,0.3883,1.304,0.4516
2017-07-06 16:13:59.434144973,0,0,0.0557,-1.1444,-0.1159,-1.9852,-0.8334,-2.177
2017-07-06 16:13:59.634057998,0,0,0.1674,-0.6464,-0.0767,-1.0578,0.4074,-0.9764
2017-07-06 16:13:59.834038972,0,0,0.2563,-1.1026,-0.3999,2.0667,-0.1255,3.0345
2017-07-06 16:14:00.233195006,0,0,0.3137,-1.104,-0.4171,0.4495,-0.4221,0.3376
2017-07-06 16:14:00.337859980,0,0,0.141,-0.8471,-0.1734,1.0884,0.5534,0.4331
2017-07-06 16:14:00.434033989,0,0,0.2661,-1.3142,-0.2166,-1.41,-1.6715,-1.1101
2017-07-06 16:14:00.634037971,0,0,0.0727,-0.8854,-0.0384,-1.9317,1.2742,-1.9191
2017-07-06 16:14:00.834154009,0,0,0.2339,-0.8067,-0.1512,0.5182,0.6644,0.7791
2017-07-06 16:14:01.234039008,0,0,0.2377,-0.8328,-0.4005,0.8769,-0.0572,0.6424
2017-07-06 16:14:01.340409870,0,0,0.031,-1.238,-0.2948,1.6461,-1.1681,1.2999
2017-07-06 16:14:01.434149980,0,0,0.2285,-1.4176,-0.365,-0.7318,-0.479,-0.1131
2017-07-06 16:14:01.634473025,0,0,0.0516,-0.9609,-0.1508,-2.0563,0.8505,-1.83
2017-07-06 16:14:01.834562003,0,0,0.1771,-0.7488,-0.0989,-0.7626,0.1261,-0.689
2017-07-06 16:14:02.234028995,0,0,0.1186,-0.853,-0.1902,0.9139,0.9428,0.3968
2017-07-06 16:14:02.340309730,0,0,0.1082,-1.2859,-0.3542,2.1071,-0.083,2.6655
2017-07-06 16:14:02.434023976,0,0,0.2644,-1.1515,-0.4261,0.0316,-0.3425,0.0265
2017-07-06 16:14:02.834982991,0,0,0.3046,-1.3836,-0.2478,-1.6569,-1.551,-0.7342
2017-07-06 16:14:03.234516024,0,0,0.0923,-0.9396,-0.1573,1.4856,-0.0007,0.9925
2017-07-06 16:14:03.345510240,0,0,0.3096,-1.0078,-0.1949,1.337,0.2646,1.962
2017-07-06 16:14:03.434459984,0,0,0.2637,-0.9903,-0.3636,0.573,-0.2054,0.2459
2017-07-06 16:14:03.634504020,0,0,0.1841,-1.2426,-0.2952,-1.3008,-0.5797,-0.6589
2017-07-06 16:14:03.835000991,0,0,0.0568,-0.8254,-0.0277,-1.8843,0.7533,-1.7009
2017-07-06 16:14:04.234461009,0,0,0.1679,-1.3276,-0.2119,1.6436,-1.0469,1.9142
2017-07-06 16:14:04.346140260,0,0,0.2283,-0.8202,-0.1592,0.0026,0.6049,0.2981
2017-07-06 16:14:04.434823989,0,0,0.242,-0.8569,-0.3293,0.9117,0.8817,0.4166
2017-07-06 16:14:04.634472012,0,0,0.0842,-1.3331,-0.4163,-0.5404,-0.2378,-0.0993
2017-07-06 16:14:04.834379971,0,0,0.0044,-1.0852,-0.108,-2.1941,0.2868,-1.4703
2017-07-06 16:14:05.234471023,0,0,0.0665,-1.1147,-0.3414,1.9739,0.4529,2.3865
2017-07-06 16:14:05.344640010,0,0,0.158,-0.7112,-0.0938,-1.1397,-0.0413,-0.9779
2017-07-06 16:14:05.434463977,0,0,0.053,-0.8213,-0.1469,1.0394,0.8854,0.6388
2017-07-06 16:14:05.634463012,0,0,0.2136,-1.2259,-0.4249,0.0914,0.0221,0.0998
2017-07-06 16:14:05.834680974,0,0,0.1127,-1.2744,-0.2048,-1.5885,-0.6321,-1.1789
2017-07-06 16:14:06.234309971,0,0,0.2151,-1.1262,-0.2005,1.0307,0.4593,1.4092
2017-07-06 16:14:06.347710250,0,0,0.1834,-0.7725,-0.0979,-1.3108,-0.8143,-1.4985
2017-07-06 16:14:06.434123992,0,0,-0.0628,-0.9896,-0.1144,1.0242,0.6597,0.9053
2017-07-06 16:14:06.634464979,0,0,0.2784,-0.8001,-0.2982,0.7789,-0.1325,0.6449
2017-07-06 16:14:06.834329009,0,0,0.0616,-1.2689,-0.3376,-0.7757,-0.1956,-0.6274
2017-07-06 16:14:07.234088003,0,0,0.1753,-0.7692,-0.1154,-0.9558,0.388,-0.5753
2017-07-06 16:14:07.344629880,0,0,0.0141,-0.9828,-0.0896,-2.0002,-0.4849,-1.9345
2017-07-06 16:14:07.434517979,0,0,-0.0,-1.1216,-0.2886,1.584,0.2688,2.001
2017-07-06 16:14:07.634716987,0,0,0.1674,-0.8453,-0.1989,0.8694,1.4147,1.2407
2017-07-06 16:14:07.834580004,0,0,0.2467,-1.2072,-0.3633,0.668,-0.3972,0.3875
2017-07-06 16:14:08.234465003,0,0,0.1469,-0.9029,-0.0802,-1.7645,-0.0654,-1.7144
2017-07-06 16:14:08.345240230,0,0,0.1986,-1.2853,-0.2565,-1.338,-1.8944,-1.1729
2017-07-06 16:14:08.434464991,0,0,0.2022,-1.0307,-0.1406,0.3744,0.7694,0.8381
2017-07-06 16:14:08.634095013,0,0,0.0562,-1.0129,-0.1673,1.573,-0.5592,1.6961
2017-07-06 16:14:08.834617972,0,0,0.22,-0.9336,-0.301,0.756,0.7917,0.6059
2017-07-06 16:14:09.234570980,0,0,0.0265,-0.9517,-0.0973,-2.1439,0.0055,-2.0717
2017-07-06 16:14:09.346069930,0,0,0.2499,-1.1305,-0.4664,-0.5356,-0.8427,-0.4035
2017-07-06 16:14:09.434628009,0,0,0.203,-0.8679,-0.1047,-0.7779,0.3006,-0.5962
2017-07-06 16:14:09.634491026,0,0,0.0613,-1.1083,-0.3507,1.636,-0.6745,1.7718
2017-07-06 16:14:09.834653019,0,0,0.4113,-0.7866,-0.2492,0.8412,1.8916,1.3202
2017-07-06 16:14:10.234520018,0,0,0.2604,-1.2775,-0.3047,-1.2152,-2.1892,-1.2075
2017-07-06 16:14:10.346400140,0,0,0.1937,-1.1767,-0.4192,0.4908,0.0106,0.365
2017-07-06 16:14:10.434476017,0,0,0.1704,-0.9018,-0.0654,-1.9333,1.4141,-1.2786
2017-07-06 16:14:10.634456992,0,0,0.275,-1.0564,-0.226,0.46,0.7935,0.8836
2017-07-06 16:14:10.834456980,0,0,0.0117,-0.9306,-0.2143,1.7074,0.2563,1.4247
2017-07-06 16:14:11.234522998,0,0,0.1919,-1.2766,-0.3885,-0.9452,-0.394,-0.6559
2017-07-06 16:14:11.344619750,0,0,0.1369,-0.8847,-0.3703,0.8951,0.6551,0.7273
2017-07-06 16:14:11.434464991,0,0,0.0214,-1.0671,-0.1003,-2.3148,0.0432,-2.1279
2017-07-06 16:14:11.634504973,0,0,0.1993,-0.7071,-0.0903,-0.8389,0.5235,-0.7081
2017-07-06 16:14:11.834522008,0,0,0.174,-1.3116,-0.3661,2.418,0.1877,3.3612
2017-07-06 16:14:12.234461009,0,0,0.2932,-1.205,-0.4747,-0.0209,-0.7558,-0.0033
2017-07-06 16:14:12.343400230,0,0,0.1848,-0.9343,-0.1856,1.1591,0.7045,0.7454
2017-07-06 16:14:12.434621989,0,0,0.2346,-1.3819,-0.2295,-1.8183,-1.0512,-1.3631
2017-07-06 16:14:12.834632992,0,0,0.183,-0.9193,-0.0421,-1.6661,-0.7631,-1.5858
2017-07-06 16:14:13.234381020,0,0,0.2204,-1.0045,-0.4102,0.8345,0.1644,0.5112
2017-07-06 16:14:13.343729850,0,0,-0.0291,-0.9973,-0.1791,1.7633,0.2972,1.3024
2017-07-06 16:14:13.434421002,0,0,0.1793,-1.1275,-0.3371,-1.3256,-0.741,-1.2019
2017-07-06 16:14:13.633669018,0,0,0.0511,-1.0226,-0.0941,-2.2033,0.0313,-1.8657
2017-07-06 16:14:13.834460973,0,0,0.2027,-0.7779,-0.0909,-0.4224,1.0953,-0.2569
2017-07-06 16:14:14.234359979,0,0,0.104,-0.9142,-0.2086,0.8062,2.5128,0.6165
2017-07-06 16:14:14.347369900,0,0,0.1352,-1.2778,-0.3604,2.3235,-0.816,3.0339
2017-07-06 16:14:14.434575021,0,0,0.3094,-1.1552,-0.4641,0.0338,-0.8704,0.0242
2017-07-06 16:14:14.634424984,0,0,0.0768,-1.3211,-0.1575,-2.2762,-1.2051,-1.906
2017-07-06 16:14:14.834483981,0,0,0.1549,-0.8201,-0.0303,-1.7199,0.2973,-1.5614
2017-07-06 16:14:15.234356999,0,0,0.1146,-1.0389,-0.2088,1.4829,0.7498,1.5752
2017-07-06 16:14:15.344030260,0,0,0.3167,-0.8544,-0.2932,1.9028,-0.2497,2.4779
2017-07-06 16:14:15.434413015,0,0,0.387,-1.0697,-0.4783,0.4833,0.1288,0.4507
2017-07-06 16:14:15.634393990,0,0,0.2265,-1.304,-0.2865,-1.3927,-1.7253,-1.4247
2017-07-06 16:14:15.834345996,0,0,0.1145,-0.8938,-0.0428,-1.9988,-0.3845,-2.2344
2017-07-06 16:14:16.234557986,0,0,0.0787,-1.3476,-0.2214,1.973,-0.6413,2.4748
2017-07-06 16:14:16.349040030,0,0,0.2432,-0.783,-0.1232,0.3007,0.7843,0.6174
2017-07-06 16:14:16.434343993,0,0,0.232,-0.8866,-0.2917,0.9601,1.3114,0.6645
2017-07-06 16:14:16.634335994,0,0,0.1563,-1.4254,-0.4358,-0.5169,-0.3,-0.2342
2017-07-06 16:14:16.834345996,0,0,0.0394,-1.1963,-0.1459,-2.2276,0.0709,-1.9517
2017-07-06 16:14:17.234346985,0,0,0.2055,-1.0368,-0.3639,1.9218,0.2421,3.0158
2017-07-06 16:14:17.344539880,0,0,0.1374,-0.6628,-0.0938,-1.1615,-0.0483,-1.38
2017-07-06 16:14:17.434405028,0,0,0.0981,-0.9826,-0.1628,1.1959,0.6079,1.0474
2017-07-06 16:14:17.634347021,0,0,0.2789,-0.9914,-0.3783,0.7824,0.2103,0.166
2017-07-06 16:14:17.834452986,0,0,0.0355,-1.4821,-0.2723,-1.7307,-0.6726,-1.396
2017-07-06 16:14:18.234456002,0,0,0.1437,-0.6651,-0.1523,-0.0218,0.5171,0.3575
2017-07-06 16:14:18.343790050,0,0,-0.0217,-0.9751,-0.0956,-2.0172,0.8153,-2.1229
2017-07-06 16:14:18.434547007,0,0,0.0928,-1.4413,-0.2532,1.6514,-0.1219,2.4154
2017-07-06 16:14:18.634416997,0,0,0.2842,-0.8681,-0.2051,0.7368,2.1279,1.2409
2017-07-06 16:14:18.834571003,0,0,0.1427,-1.3391,-0.4355,-0.4505,-0.3889,-0.6863
2017-07-06 16:14:19.234353005,0,0,0.1434,-0.735,-0.1027,-0.8199,0.13,-0.769
2017-07-06 16:14:19.343490240,0,0,0.0569,-1.1326,-0.238,-2.0623,-0.0003,-1.9393
2017-07-06 16:14:19.434387028,0,0,0.129,-1.0089,-0.424,1.8875,0.3732,3.0482
2017-07-06 16:14:19.634342014,0,0,0.182,-0.8217,-0.1389,0.5563,1.8298,0.3913
2017-07-06 16:14:19.834079980,0,0,0.2617,-1.1734,-0.4606,0.5328,-0.5415,0.511
2017-07-06 16:14:20.234494984,0,0,0.1657,-0.841,-0.082,-1.7241,-0.5265,-1.9683
2017-07-06 16:14:20.344489810,0,0,0.2148,-1.3274,-0.2814,-1.4168,-1.29,-1.1907
2017-07-06 16:14:20.433556973,0,0,0.2597,-0.9589,-0.2945,0.8401,-0.1108,0.8622
2017-07-06 16:14:20.634348988,0,0,0.0327,-1.2605,-0.1868,1.1701,0.846,1.8875
2017-07-06 16:14:20.834339976,0,0,0.268,-0.8376,-0.2147,0.6697,1.2223,0.7547
2017-07-06 16:14:21.234468996,0,0,0.0746,-1.0146,-0.1503,-1.7925,-0.5027,-1.7046
2017-07-06 16:14:21.343940250,0,0,0.1942,-1.429,-0.463,-0.5527,-0.4096,-0.29
2017-07-06 16:14:21.434469997,0,0,0.1592,-0.7673,-0.0988,-0.7212,-0.0414,-0.8352
2017-07-06 16:14:21.634450018,0,0,0.1177,-0.9866,-0.3306,1.6702,0.5147,1.7562
2017-07-06 16:14:21.834038972,0,0,0.1432,-0.8318,-0.2143,0.8976,1.6457,0.8589
2017-07-06 16:14:22.234555006,0,0,0.2225,-1.309,-0.2119,-1.4772,-1.2034,-0.7262
2017-07-06 16:14:22.344930290,0,0,0.1847,-1.2247,-0.4801,0.1987,-1.0797,0.2163
2017-07-06 16:14:22.434466004,0,0,0.1744,-0.8575,-0.0306,-1.5596,-0.6481,-1.9754
2017-07-06 16:14:22.832468986,0,0,0.2092,-0.8849,-0.166,0.8659,0.3519,0.9662
2017-07-06 16:14:23.232478976,0,0,0.2577,-1.2895,-0.3257,-0.858,-1.1346,-0.8375
2017-07-06 16:14:23.325109950,0,0,0.2226,-0.8363,-0.2875,0.7291,0.8692,0.5094
2017-07-06 16:14:23.432615995,0,0,-0.0138,-0.9204,-0.0662,-2.1144,0.2657,-1.411
2017-07-06 16:14:23.632489025,0,0,0.1738,-0.8293,-0.0263,-0.9536,0.7925,-0.3745
2017-07-06 16:14:23.832504987,0,0,0.2518,-1.0781,-0.3272,2.1861,-1.6142,2.1096
2017-07-06 16:14:24.232717990,0,0,0.2542,-1.1699,-0.4997,0.0892,-0.8589,0.192
2017-07-06 16:14:24.325620170,0,0,0.1683,-0.8714,-0.2865,1.2363,1.0153,0.5029
2017-07-06 16:14:24.432515978,0,0,0.104,-1.3838,-0.1199,-2.3176,-0.9942,-1.0792
2017-07-06 16:14:24.632812023,0,0,0.2127,-0.758,-0.0177,-1.942,0.3362,-2.0499
2017-07-06 16:14:24.832830011,0,0,0.3623,-0.8513,-0.323,1.8119,-0.2907,2.3174
2017-07-06 16:14:25.232587993,0,0,0.3863,-1.0004,-0.4464,0.6833,-0.6272,0.7112
2017-07-06 16:14:25.324969880,0,0,-0.0612,-1.0862,-0.1998,1.2573,1.4972,1.4778
2017-07-06 16:14:25.432456970,0,0,0.2133,-1.2337,-0.1989,-1.2226,-0.631,-1.6113
2017-07-06 16:14:25.632458984,0,0,0.1512,-0.8937,-0.1016,-1.5446,-1.0897,-1.7713
2017-07-06 16:14:25.832728981,0,0,0.1455,-0.8755,-0.0742,-0.108,1.0699,0.0196
2017-07-06 16:14:26.232482016,0,0,0.172,-0.8202,-0.2378,1.0611,1.0684,0.5293
2017-07-06 16:14:26.325049750,0,0,0.188,-1.1553,-0.3369,1.778,-1.1315,1.9551
2017-07-06 16:14:26.432561993,0,0,0.1375,-1.3717,-0.4028,-0.2256,-0.1942,0.0664
2017-07-06 16:14:26.632629990,0,0,0.0988,-1.139,-0.1481,-2.1161,-0.0345,-1.4227
2017-07-06 16:14:26.832570016,0,0,0.2008,-0.7565,-0.0586,-1.3456,-0.1131,-1.3842
2017-07-06 16:14:27.232461988,0,0,-0.0694,-0.9651,-0.2456,1.213,1.0226,0.665
2017-07-06 16:14:27.326200120,0,0,0.3059,-1.0397,-0.3109,1.9608,-0.1558,2.5413
2017-07-06 16:14:27.432516992,0,0,0.2579,-1.2295,-0.4859,0.3139,-0.346,0.3051
2017-07-06 16:14:27.631947994,0,0,0.2849,-1.3993,-0.2511,-1.3591,-0.8342,-0.894
2017-07-06 16:14:27.832659006,0,0,0.1382,-0.8529,-0.0292,-1.8728,-0.7102,-2.1734
2017-07-06 16:14:28.232514023,0,0,0.2155,-1.3052,-0.3228,1.8291,-1.4325,2.8671
2017-07-06 16:14:28.325480100,0,0,0.1806,-0.8475,-0.1375,0.0385,1.2137,0.5885
2017-07-06 16:14:28.432458996,0,0,0.1955,-0.8102,-0.1863,0.6066,2.6783,0.3243
2017-07-06 16:14:28.632462024,0,0,0.1566,-1.4148,-0.3532,-0.1441,-0.8078,-0.2903
2017-07-06 16:14:28.832458972,0,0,0.0194,-1.0134,-0.1015,-1.7038,-1.3751,-1.0609
2017-07-06 16:14:29.232460975,0,0,0.3596,-1.0588,-0.2475,1.8112,-0.0371,2.1829
2017-07-06 16:14:29.319020150,0,0,0.1986,-0.7924,-0.0762,-1.129,-0.3437,-0.8218
2017-07-06 16:14:29.432530999,0,0,-0.0466,-0.8336,-0.127,1.0467,1.1177,0.4265
2017-07-06 16:14:29.632650971,0,0,0.2328,-1.0346,-0.3927,0.3833,-0.3485,0.4076
2017-07-06 16:14:29.832231998,0,0,0.1852,-1.2474,-0.2063,-1.5112,-1.456,-0.9016
2017-07-06 16:14:30.232465982,0,0,0.19,-0.8847,-0.1011,0.2682,0.9741,0.3307
2017-07-06 16:14:30.329160090,0,0,0.1856,-0.8282,-0.035,-1.7487,-0.0661,-1.501
2017-07-06 16:14:30.432452976,0,0,-0.0099,-1.1339,-0.2038,1.8829,-0.8275,1.617
2017-07-06 16:14:30.631866991,0,0,0.2399,-0.8558,-0.3244,1.0253,0.4262,0.7988
2017-07-06 16:14:30.832457005,0,0,0.1651,-1.3952,-0.3894,-0.7638,0.2273,-0.4322
2017-07-06 16:14:31.232689976,0,0,0.159,-0.7597,-0.0511,-1.2505,0.6981,-0.9471
2017-07-06 16:14:31.321450230,0,0,0.095,-1.1516,-0.1404,-2.0392,-0.5704,-1.7177
2017-07-06 16:14:31.432709991,0,0,0.2371,-1.1586,-0.3882,1.9862,-0.1627,2.4273
2017-07-06 16:14:31.632683992,0,0,0.2623,-0.844,-0.2209,1.2199,0.5137,1.0364
2017-07-06 16:14:31.832961022,0,0,0.1381,-1.2081,-0.396,-0.0293,0.3523,-0.1851
2017-07-06 16:14:32.232546985,0,0,0.1929,-0.7386,-0.0533,-1.707,0.0226,-1.9307
2017-07-06 16:14:32.326650140,0,0,0.1294,-1.3012,-0.1963,-1.8102,-0.6756,-1.1035
2017-07-06 16:14:32.432738006,0,0,0.2636,-1.0319,-0.3177,1.4318,0.1028,1.5671
2017-07-06 16:14:32.833836019,0,0,0.1311,-1.0064,-0.1961,1.2029,1.7066,1.6688
2017-07-06 16:14:33.234049975,0,0,0.0893,-0.9172,-0.0456,-2.2016,-0.2221,-1.6954
2017-07-06 16:14:33.338630080,0,0,0.2368,-1.3365,-0.2778,-0.9629,-1.338,-0.7685
2017-07-06 16:14:33.433188021,0,0,0.2057,-0.8393,-0.0531,-0.4542,1.1313,-0.3296
2017-07-06 16:14:33.633894979,0,0,0.1252,-1.2019,-0.2696,1.7914,-1.8007,1.8816
2017-07-06 16:14:33.833822011,0,0,0.3933,-0.7651,-0.233,1.0464,-0.0576,1.2325
2017-07-06 16:14:34.234082996,0,0,0.0608,-1.2078,-0.1577,-1.9812,-0.6517,-1.6723
2017-07-06 16:14:34.337399840,0,0,0.123,-1.3772,-0.3705,-0.3092,0.4423,-0.366
2017-07-06 16:14:34.433901011,0,0,0.1803,-0.7659,-0.0592,-1.4189,0.1,-1.4842
2017-07-06 16:14:34.633958995,0,0,0.2975,-0.9043,-0.3039,1.7411,-0.1018,2.4141
2017-07-06 16:14:34.833833992,0,0,0.0608,-0.9447,-0.1678,1.1654,0.3335,0.9025
2017-07-06 16:14:35.233901023,0,0,0.1947,-1.4023,-0.2296,-1.6371,-1.4917,-0.9864
2017-07-06 16:14:35.338280200,0,0,0.2959,-1.1548,-0.4881,0.6011,0.1247,0.3142
2017-07-06 16:14:35.433820009,0,0,0.156,-0.8732,-0.0075,-2.1892,0.2617,-2.1616
2017-07-06 16:14:35.633830010,0,0,0.1849,-0.7564,-0.1415,0.414,0.6583,0.5475
2017-07-06 16:14:35.832946002,0,0,0.2567,-1.461,-0.3316,2.1094,-0.9356,2.7805
2017-07-06 16:14:36.234309971,0,0,0.1346,-1.3361,-0.3877,-1.1954,-0.2284,-0.7523
2017-07-06 16:14:36.338220000,0,0,0.2038,-0.8468,-0.2433,0.9092,2.0329,0.4155
2017-07-06 16:14:36.434053003,0,0,0.1089,-1.0491,-0.1744,-2.0857,-0.2627,-1.5026
2017-07-06 16:14:36.634083986,0,0,0.2019,-0.8151,-0.0976,-0.8775,-0.0754,-1.1486
2017-07-06 16:14:36.833820998,0,0,0.1727,-1.0995,-0.3724,2.1261,-0.0908,2.5981
2017-07-06 16:14:37.233833014,0,0,0.2416,-1.2001,-0.4448,0.2514,-0.7804,-0.2167
2017-07-06 16:14:37.338270060,0,0,0.1152,-0.9472,-0.1678,1.3544,0.5809,0.9176
2017-07-06 16:14:37.433866977,0,0,0.2326,-1.2478,-0.2638,-1.7928,-1.1297,-0.3281
2017-07-06 16:14:37.633875012,0,0,0.1568,-0.8824,-0.0084,-1.5241,-0.5587,-1.8497
2017-07-06 16:14:37.833945989,0,0,0.2088,-0.9324,-0.2201,1.0146,-0.6375,1.0266
2017-07-06 16:14:38.234633982,0,0,0.2543,-0.8854,-0.2993,1.0135,-0.1888,0.9362
2017-07-06 16:14:38.338730210,0,0,0.0898,-1.2023,-0.2309,1.2533,1.1178,1.5151
2017-07-06 16:14:38.433399975,0,0,0.3122,-1.1781,-0.4606,-0.6918,-2.3636,-0.5791
2017-07-06 16:14:38.633894979,0,0,0.0407,-1.1211,-0.0448,-2.8746,0.7833,-1.3895
2017-07-06 16:14:38.833827972,0,0,0.2095,-0.9411,-0.0339,-1.1272,0.1501,-1.5529
2017-07-06 16:14:39.233820021,0,0,0.2596,-1.0327,-0.2473,1.731,2.2658,1.9992
2017-07-06 16:14:39.338259930,0,0,0.1953,-1.0378,-0.3021,2.6001,-0.7281,1.8891
2017-07-06 16:14:39.433824002,0,0,0.216,-1.221,-0.4447,0.2046,-0.5157,-0.4604
2017-07-06 16:14:39.634146988,0,0,0.2179,-1.3974,-0.212,-2.3518,-1.5034,-1.1755
2017-07-06 16:14:39.833911001,0,0,0.2076,-0.9659,-0.0185,-2.1624,-0.1485,-1.5552
2017-07-06 16:14:40.234220981,0,0,-0.1304,-1.0554,-0.1549,2.1312,0.1945,1.2154
2017-07-06 16:14:40.329059950,0,0,0.2891,-0.9543,-0.124,1.3224,0.3884,0.9207
2017-07-06 16:14:40.433879017,0,0,0.2723,-0.9076,-0.4517,1.1911,-0.1627,0.8595
2017-07-06 16:14:40.633850991,0,0,0.1832,-1.1621,-0.43,-1.2483,-0.1424,-0.8307
2017-07-06 16:14:40.833818972,0,0,0.0685,-1.0454,-0.1297,-2.2137,0.235,-1.8018
2017-07-06 16:14:41.233816027,0,0,0.1373,-1.1758,-0.3693,2.1906,-1.1529,1.9014
2017-07-06 16:14:41.338150260,0,0,0.1996,-0.8164,-0.068,-0.6422,0.3984,-0.5642
2017-07-06 16:14:41.433938026,0,0,0.1441,-0.8497,-0.2812,1.1303,1.4422,0.6659
2017-07-06 16:14:41.634020984,0,0,0.1388,-1.2437,-0.3943,0.076,-0.5269,0.3628
2017-07-06 16:14:41.833819985,0,0,0.1641,-1.3606,-0.1743,-1.8085,-1.231,-1.1802
2017-07-06 16:14:42.233974993,0,0,0.2917,-0.9193,-0.1574,1.5158,0.6473,1.9054
2017-07-06 16:14:42.339769720,0,0,0.2049,-0.8779,-0.0632,-1.6379,-0.4311,-1.8919
2017-07-06 16:14:42.433811008,0,0,-0.0776,-1.1275,-0.196,1.4529,1.629,1.8887
